{"cameraMode":{"drawMode":0,"name":"Shaded","section":"Shading Mode"},"sceneLighting":false,"audioPlay":false,"sceneViewState":{"showFog":true,"showMaterialUpdate":false,"showSkybox":true,"showFlares":true,"showImageEffects":true,"showParticleSystems":true},"in2DMode":false,"pivot":{"x":-4.743823051452637,"y":-1.9981365203857422,"z":-3.0905895233154299},"rotation":{"x":0.007271533831954002,"y":0.9842242002487183,"z":-0.1717972755432129,"w":0.04166026785969734},"size":22.0,"orthographic":false}