{"cameraMode":{"drawMode":0,"name":"Shaded","section":"Shading Mode"},"sceneLighting":false,"audioPlay":false,"sceneViewState":{"showFog":true,"showMaterialUpdate":false,"showSkybox":true,"showFlares":true,"showImageEffects":true,"showParticleSystems":true},"in2DMode":false,"pivot":{"x":-4.743823051452637,"y":-1.9981365203857422,"z":-3.0905895233154299},"rotation":{"x":-0.021889803931117059,"y":0.8795925378799439,"z":-0.47348102927207949,"w":-0.040664687752723697},"size":22.0,"orthographic":false}